age_groups,Observations,Proportions(%)
00_04,3076950,5.446888916445366
05_09,3348701,5.927948897898736
10_14,3413329,6.0423548963361595
15_19,3218895,5.6981632781492735
20_24,3414450,6.044339316776965
25_29,3715280,6.576875624722905
30_34,3952585,6.996958490650875
35_39,3795388,6.7186846815222045
40_44,3580406,6.338118512739722
45_49,3602643,6.377482970672089
50_54,3907754,6.917597605029346
55_59,3806369,6.738123504769734
60+,13657295,24.17646330428662
